2026-01-06T19:35:57.258Z,1,ai_generated,https://api.dicebear.com/7.x/bottts/svg?seed=user-1767728157253
2026-01-06T19:36:20.294Z,1,ai_generated,https://api.dicebear.com/7.x/adventurer/svg?seed=blue dog
2026-01-06T19:36:25.810Z,1,random,https://api.dicebear.com/7.x/lorelei/svg?seed=1767728185809
2026-01-06T19:36:31.849Z,1,random,https://api.dicebear.com/7.x/lorelei/svg?seed=1767728191848
2026-01-06T19:36:41.569Z,1,random,https://api.dicebear.com/7.x/avataaars/svg?seed=1767728201567
2026-01-06T19:37:06.539Z,1,ai_generated,https://api.dicebear.com/7.x/notionists/svg?seed=blue dog
2026-01-06T19:37:10.778Z,1,ai_generated,https://api.dicebear.com/7.x/notionists/svg?seed=blue dog
2026-01-06T19:54:00.854Z,1,ai_generated,https://api.dicebear.com/7.x/avataaars/svg?seed=user-1767729240852
2026-01-06T19:54:17.893Z,1,random,https://api.dicebear.com/7.x/notionists/svg?seed=1767729257892
2026-01-07T18:18:56.964Z,1767809905519,random,https://api.dicebear.com/7.x/bottts/svg?seed=1767809936962
